{
	"DEFAULTS" : {
		"PLATFORM"	      : "AUTO",
		"DEVICES"	      : "AUTO" 	
	},

	"EXAMPLE1" : 
	{
		"COIN" : "BTCZ",
		"POOLS" : [
			{"POOL" : "mine-btcz-euro.equipool.1ds.us",
			 "PORT" : "50061",
			 "USER" : "t1dbQvbohSUAGE6dZpUYru7e18SCNVipVXY.lolMiner",
			 "PASS" : "x"}
		]
	},

	"EXAMPLE2" : 
	{
		"COIN" : "BTG",
		"POOLS" : [
			{"POOL" : "btg-eu.coinblockers.com",
			 "PORT" : "5555",
			 "USER" : "GV5SfFk6EX2PXVopwRHepaVAEPxJxhKceH.lolMiner",
			 "PASS" : "x"},
			{"POOL" : "btg.suprnova.cc",
			 "PORT" : "8866",
			 "USER" : "Lolliedieb.BitcoinGold",
			 "PASS" : "x"}
		]
	}	
}
